m,n_loss,pr_u_ge_090,pr_u_ge_095,pr_u_ge_099
1,24816,0.09227917472598324,0.04734848484848485,0.009227917472598324
2,24816,0.0892166344294004,0.04501128304319794,0.00882495164410058
5,24816,0.08321244358478401,0.04174725983236621,0.007857833655705996
10,24816,0.0775709219858156,0.03755641521598969,0.00733397807865893
