n_paths,crit_dupper,crit_dlower
1000,0.03285831582149169,0.07609510309485377
5000,0.0068241728375445536,0.053338472111020406
